trial,fsync_sata_ssd_us,fsync_ramdisk_us,raw_bpf_decode_mops,nvme_multidrive_throughput_events_per_sec
1,2968.00,22.00,23.53,175760
2,3010.00,39.00,22.48,176630
3,3298.00,28.00,21.46,179128
4,3110.00,42.00,23.30,179349
5,3508.00,14.00,24.38,179170
6,3114.00,14.00,24.41,179919
7,3432.00,14.00,24.20,180305
8,3670.00,14.00,24.00,180004
9,3588.00,27.00,22.15,179236
10,2869.00,56.00,21.95,166470
11,3368.00,27.00,22.51,180682
12,3459.00,27.00,23.68,179553
13,3416.00,43.00,22.95,158925
14,2912.00,27.00,25.03,158203
15,3220.00,76.00,23.27,158094
16,3676.00,14.00,21.39,158365
17,3550.00,15.00,23.58,151226
18,2890.00,41.00,20.89,155806
19,3517.00,32.00,24.13,159589
20,3593.00,27.00,23.98,158179
