trial,fsync_us,decode_mops,engine_throughput_events_per_sec
1,2889.00,23.69,237506
2,3467.00,24.97,246602
3,2900.00,24.64,250709
4,3684.00,25.83,249269
5,2914.00,23.50,254293
6,3586.00,25.10,241390
7,3531.00,25.25,246957
8,3290.00,22.18,247179
9,3265.00,16.92,231999
10,3373.00,25.38,280670
11,3351.00,24.78,277262
12,3587.00,23.60,279643
13,2974.00,24.17,277378
14,3303.00,25.67,252098
15,3469.00,24.10,285310
16,3501.00,21.89,281762
17,2789.00,24.05,280550
18,3124.00,25.00,242304
19,2726.00,23.72,254450
20,3361.00,24.59,281184
